air_pressure_9am,air_temp_9am,avg_wind_direction_9am,avg_wind_speed_9am,max_wind_direction_9am,max_wind_speed_9am,rain_accumulation_9am,rain_duration_9am
918.3000000000026,64.00400000000464,71.7,6.621342399999942,82.4999999999999,8.030614600000042,0.0,0.0
920.740000000004,59.0900000000021,180.00000000000009,8.992498799999632,193.99999999999991,10.759681400000005,0.08000000000015461,520.0
917.2900000000025,78.20600000000472,51.5,7.180577399999873,67.9999999999999,9.193823399999939,0.0,0.0
915.1048528401643,80.66103182500287,214.4076574281194,1.5353641900803257,116.843001371833,2.411887540483869,0.0,0.0
916.5000000000008,71.04199999999976,102.3,2.415895199999992,49.1,3.221193599999965,0.0,0.0
916.1300000000087,50.10799999999837,211.40000000000003,2.5501115999997452,231.79999999999995,3.5343651999999226,0.0,0.0
919.7000000000122,73.81400000000222,227.00000000000009,1.4092721999993625,255.39999999999992,1.901398999999751,0.0,0.0
920.0755910563237,69.34875006857136,45.66998108657989,21.108389797722012,63.638273440836045,26.659596259928637,0.001194496981721598,34.15009456710083
917.3900000000112,49.78399999999978,204.10000000000005,1.275055799999547,211.79999999999995,2.01324599999997,0.0,0.0
921.1862234593614,71.20382277880074,214.2489383741876,1.6907933965537203,173.38887840799308,2.6736814670801152,0.0,0.0
914.154388930716,81.51024958998009,125.45329363044172,2.651553969151767,141.8370439329851,3.416936675945814,0.0,0.0
918.3600000000032,56.71400000000521,49.8,1.4092721999999531,85.7999999999999,2.0132460000000525,0.0,0.0
913.3400000000076,57.21799999999868,215.00000000000009,3.7133203999998416,224.39999999999992,4.473879999999833,0.0,0.0
921.4000000000076,75.23599999999858,60.90000000000005,4.026491999999772,75.9999999999999,4.921267999999934,0.0,0.0
922.8213103512128,67.8133014399465,55.75765831621069,9.555245000425838,68.85727850426586,11.558891977332769,0.0,0.0
918.8465981832325,74.93801250352199,185.39586124666081,3.0633356371228078,189.24424594051632,3.8319111885514183,0.0,0.0
916.5427325536983,76.53272584204488,174.00832803698876,3.729839122813244,184.9302538028252,4.719943399999901,0.0,0.0
917.9300000000077,48.05599999999846,258.20000000000005,2.684327999999771,287.5999999999999,3.8922755999999286,0.0,40.0
918.3000000000044,64.88600000000501,140.6,3.758059199999784,90.59999999999992,4.809421000000043,0.0,0.0
917.2100000000073,82.7419999999998,171.60000000000005,2.7738055999998523,204.29999999999995,3.6238427999998586,0.0,0.0
912.390000000002,41.5220000000036,35.3,3.8475367999999732,50.49999999999991,4.563357599999993,6.025000000000659,14342.0
923.5521786387835,71.09229020501127,197.67472301702043,3.942863915729339,210.82242375347755,5.165807061637052,0.0,0.0
924.7200000000024,63.51800000000335,29.7,1.3645333999999079,47.699999999999896,1.811921400000064,0.0,0.0
924.7228749648848,61.12808283319668,40.673435784152495,8.57656546580099,65.4298273616485,11.448650436573802,0.0,0.0
915.9000000000062,69.13400000000478,115.2,1.9908765999998064,110.29999999999987,2.773805599999985,0.0,20.0
921.7634016674623,66.02246656547246,73.17650186084548,2.851264734425913,93.4334137264168,3.7974606817330954,0.0,0.0
921.5000000000066,62.99600000000062,74.60000000000005,5.2791783999996555,90.29999999999993,6.420017800000093,0.0,0.0
917.9000000000067,65.66000000000018,183.70000000000005,6.0621073999998405,188.49999999999991,6.509495399999884,0.020999999999958163,319.0
919.5613326906404,69.16552064972275,137.1448756388068,1.3828941853982957,123.01903065653768,2.0316067853984983,0.0,0.0
917.6500000000074,82.43600000000423,108.0,2.2145705999997607,62.799999999999855,2.8409137999999903,0.0,0.0
917.120000000004,45.89600000000479,179.2,3.400148799999991,194.99999999999991,3.9817532000000204,0.0,0.0
915.7100000000058,86.34200000000483,234.3,1.7448131999998024,125.49999999999987,2.5053728000001008,0.0,0.0
918.3700000000073,72.93199999999865,184.50000000000009,2.013245999999804,186.69999999999996,2.7738055999998625,0.0,0.0
920.1000000000096,53.49199999999852,186.10000000000005,13.444009399999715,193.79999999999995,15.367777800000002,0.0,0.0
927.6100000000024,54.89600000000348,55.0,4.988376199999923,53.399999999999906,7.202946800000063,0.0,0.0
919.2351525680065,65.95111244177072,194.3433328628,2.9420186862710342,216.56979240187505,3.6588103748863303,0.0,0.0
919.888128170697,68.68782210389693,228.51772986459432,3.960857680026712,247.95402813292648,5.185547159494241,0.0,0.0
920.3500000000046,47.5700000000002,192.10000000000005,6.2634319999996935,205.69999999999996,7.605596000000002,0.0,0.0
921.1687386359058,63.984105326060295,75.02590746812926,4.718126611742794,91.24646104028706,5.964824839716207,0.0,0.0
916.030000000003,62.510000000004645,186.5,6.218693199999869,191.79999999999995,6.822666999999959,0.0,0.0
918.7194145471086,61.58215525160775,257.1762621225427,1.8039444474002413,259.3942996341176,2.3526760624288343,0.0,0.0
918.5500000000096,52.75399999999671,175.30000000000004,3.0198689999996717,202.49999999999991,4.4291412000000046,0.0,0.0
919.4779271094831,68.06004298547721,47.046588450669965,10.567383294020953,64.88124729573683,13.692872604564467,0.0,6.534115493300479
917.2000000000123,74.13799999999975,176.00000000000009,3.0646077999995605,191.39999999999992,3.7133203999999247,0.0,0.0
920.6323543820204,78.02312025759345,55.384664555712995,11.41455530726569,72.60377860068456,14.565863074391608,0.009999999999870834,84.71921859065172
918.3000000000008,78.85400000000155,88.4,2.8409138000000222,108.4,3.9370143999999616,0.0,0.0
919.7734056296657,68.72379994905282,55.22713277170349,16.126429047065834,74.30451645772484,20.82389079101134,0.0,0.0
913.8300000000073,52.28600000000037,175.20000000000005,5.502872399999662,181.99999999999991,6.352909599999919,0.0,0.0
916.1000000000064,69.51200000000351,189.6,7.471379599999773,196.99999999999986,8.567480199999943,0.0,0.0
920.7675705794077,51.411951364795286,35.92276845497724,10.327253488296998,61.521307939939355,14.146169649061706,0.0,0.0
916.180000000012,61.304000000002326,173.60000000000005,1.7224437999993691,209.39999999999992,2.5277421999997367,0.0,0.0
918.8800000000044,60.476000000004156,42.5,9.596472599999707,31.799999999999862,14.405893599999896,0.0,0.0
918.8800000000073,60.692000000000256,178.80000000000004,4.362032999999643,185.39999999999992,4.921267999999913,0.0,0.0
915.8400000000056,40.11800000000114,171.90000000000003,10.535987399999618,187.99999999999991,12.929513199999962,0.0,0.0
918.7000000000039,69.42200000000457,161.1,0.7829289999999393,193.59999999999997,1.185578200000048,0.0,0.0
921.6100000000064,38.13800000000076,46.60000000000005,4.518618799999635,59.599999999999895,5.525241800000045,0.0,0.0
920.5630800747085,73.25469603247053,68.45091184541518,4.491629746900252,99.30064156312824,5.952553281971658,0.0,0.0
919.5763366221747,63.60195396401936,72.85668006384198,6.086013316825214,85.61107051654035,7.388219700190529,0.0,0.0
918.2600000000064,82.40000000000448,211.6,2.057984799999787,88.89999999999986,2.9527607999999925,0.0,0.0
922.9900000000059,55.76000000000066,41.200000000000045,9.283300999999636,66.09999999999991,12.101845399999922,0.0,0.0
920.4000000000107,81.91400000000064,56.30000000000005,9.685950199999503,74.09999999999991,12.258431199999947,0.009999999999990905,90.0
922.2212035849003,69.73657833504198,53.37770601478554,16.908203684503302,72.38752024911484,21.44342788031325,0.0,0.0
920.8200000000083,62.43799999999798,213.60000000000005,2.6172197999996376,165.6999999999999,3.310671200000037,0.0,0.0
924.1600000000096,61.87999999999822,111.80000000000004,3.444887599999627,118.99999999999993,4.809421000000043,0.0,0.0
919.7100000000121,70.28599999999982,149.30000000000004,2.7961749999995584,233.39999999999992,5.144961999999949,0.1710000000000491,999.0
920.180000000011,62.74399999999928,32.60000000000005,3.019868999999588,51.299999999999905,3.8251673999999434,0.0,0.0
920.1000000000042,58.820000000001315,134.50000000000006,1.7224437999996354,137.7999999999999,2.66195860000004,0.0,0.0
922.4700000000037,50.36000000000108,181.10000000000005,7.337163199999641,191.39999999999992,8.72406599999996,0.0,0.0
921.4142774334707,62.56449594770113,64.99888835917656,8.634210066719477,80.19333015505899,10.984548571756422,0.0,0.0
915.500000000012,68.8100000000023,177.40000000000003,3.55673459999943,195.69999999999996,4.585726999999753,0.0,0.0
915.4000000000128,69.83600000000179,177.40000000000003,3.869906199999544,186.59999999999997,4.719943399999815,0.0,0.0
924.5100000000059,71.9060000000007,196.70000000000005,6.64371179999962,217.89999999999992,8.276677999999986,0.0,0.0
919.5797521415843,68.56876296971942,71.3236023112995,5.442571735933528,80.38276300105956,6.483478103412871,0.0,0.0
922.4732329630904,66.63978421377365,71.48565451814093,1.9918121459037788,94.19293185232382,2.63192688468425,0.0,0.0
920.6700000000026,66.05600000000359,137.5,1.8342907999998868,46.799999999999905,2.4382646000000743,0.0,0.0
916.6600000000012,56.335999999999984,179.8,3.579104000000005,203.2,4.272555399999988,0.0,0.0
917.5800000000107,63.96799999999809,161.80000000000004,0.8724065999995633,139.7999999999999,1.5658579999999105,0.0,0.0
920.8100000000024,59.072000000002134,181.60000000000005,9.014868199999642,186.29999999999995,9.909644199999997,0.0,0.0
919.5500000000062,39.524000000000974,212.40000000000003,12.392647599999659,217.09999999999997,13.511117599999983,5.059999999999604,10329.0
919.4911333400177,68.80559524322835,228.80170580578843,4.126234312710149,247.1904706706894,5.396914924533608,0.0,0.0
914.9500000000046,39.52400000000069,274.20000000000005,2.1698317999996863,262.99999999999994,2.8632831999999686,1.750000000000682,6160.0
917.0600000000064,79.17800000000449,218.8,1.4987497999997896,215.69999999999987,2.214570600000088,0.0,0.0
918.9000000000066,77.55799999999846,212.00000000000009,1.1855781999998558,154.0999999999999,1.8342907999998403,0.0,0.0
915.6968387322094,86.23975056432894,234.18956637365972,1.7429519894811965,125.50302557880372,2.5030039866127853,0.0,0.0
919.7300000000116,67.1180000000022,206.30000000000004,2.5053727999994235,229.79999999999995,3.2659323999997745,0.0,0.0
916.3000000000084,63.301999999998074,184.80000000000004,6.129215599999662,201.19999999999996,7.695073600000037,0.0,0.0
917.8300000000052,73.04000000000408,145.4,2.818544399999813,38.29999999999986,4.1607084000000825,0.0,0.0
920.6989014835257,50.96480351798568,45.11336412880158,16.043749392678507,59.430576530483705,20.549549455412407,0.0,18.414497645409533
920.8700000000017,42.692000000003894,209.6,5.323917199999966,217.49999999999991,6.017368600000089,0.4900000000016007,2630.0
919.390000000011,65.87600000000222,184.80000000000004,3.959383799999359,192.79999999999995,4.809420999999751,0.0,0.0
921.390000000011,76.0820000000022,225.10000000000005,1.9013989999994008,251.09999999999997,2.5724809999997893,0.03999999999996362,300.0
916.3700000000067,76.74800000000047,206.70000000000005,4.048861399999842,215.29999999999995,4.831790399999869,0.0,0.0
917.4619004060921,55.51162423603436,61.02658020688712,7.933056319198946,73.80912516920358,9.239358117598895,0.0,0.0
918.3553107273253,64.17368535629576,53.7577078569541,14.558597756774347,72.16820019458198,17.264934123009187,0.0,0.0
916.3100000000024,45.42800000000261,183.1,8.343786199999892,194.59999999999997,10.088599399999973,0.0,0.0
915.300000000006,78.40400000000422,182.8,9.93201359999979,188.99999999999986,10.983375399999995,0.02000000000043656,170.0
920.9100000000079,66.41599999999906,198.10000000000005,4.071230799999758,210.69999999999996,4.831790399999899,0.0,0.0
916.8200000000077,50.28800000000058,73.70000000000005,2.6843279999997343,90.3999999999999,3.4225181999998866,0.4700000000000273,1030.0
919.637239967058,76.10327974914848,175.36786787490132,3.411109146170728,43.43943163880736,4.858497410402157,0.0,0.0
915.3900000000128,71.42000000000174,183.00000000000009,2.16983179999954,207.69999999999996,2.684327999999806,0.0,0.0
916.0500000000052,87.18800000000493,210.0,1.5658579999998008,109.29999999999987,2.594850400000108,0.0,0.0
922.6982320224164,60.274797952409905,137.92494165786178,3.3005456693887654,147.13929404887682,5.146777718952389,0.0,0.0
924.7895679601677,71.20520677788527,227.90184405477268,2.5228010123738644,222.91657008713833,3.37379875273929,0.0,0.0
918.4000000000079,60.925999999999,189.30000000000004,5.189700799999756,195.59999999999997,5.681827599999902,0.0,0.0
921.6204731161033,75.36562384160976,178.06109139129634,1.8864366849584329,203.35699073285735,2.4254402660705434,0.0,0.0
921.260000000005,52.646000000000896,261.90000000000003,2.035615399999624,260.49999999999994,3.04223839999995,0.0,0.0
917.920000000006,84.65000000000404,30.0,4.831790399999772,40.099999999999866,5.838413399999935,0.0,0.0
922.3572670097752,74.35871191509105,166.88901695514005,4.1791925626948725,209.9591328563349,6.9035742235921775,0.0,0.0
921.2386105421964,68.19483703100875,50.44668657580878,14.308454270703532,62.71109452015926,17.236253933473876,0.0,0.0
916.8600000000107,79.32200000000256,96.20000000000003,1.7671825999994315,134.6999999999999,2.5724809999997387,0.0,0.0
916.000000000012,61.01600000000239,180.60000000000005,5.905521599999478,194.79999999999995,6.934513999999781,0.0,0.0
921.9332984027034,64.61826921969218,73.21344511137397,3.815591981321385,92.0331936107825,4.733500999668812,0.0,0.0
917.4000000000067,77.23399999999779,230.70000000000005,1.8566601999997645,201.79999999999995,2.63958919999989,3.1299999999999955,2980.0
919.7000000000121,78.53000000000067,187.00000000000009,4.943637399999498,193.79999999999995,5.726566399999926,0.0,0.0
917.1000000000096,61.50199999999687,189.10000000000005,3.7356897999996455,197.49999999999991,4.3396636,0.0,0.0
922.0600000000064,61.7540000000012,56.200000000000045,10.424140399999636,76.9999999999999,13.421640000000005,0.0,0.0
920.530000000006,81.95000000000417,59.3,10.155707599999758,79.29999999999987,12.70581919999999,0.0,0.0
916.2800000000017,47.85800000000391,52.0,10.625464999999947,68.39999999999989,13.690072800000038,0.0,0.0
919.660000000004,66.92000000000488,105.4,2.214570600000042,146.99999999999991,3.1988242000000198,0.0,0.0
922.141662165278,66.77042766076642,149.64264222680828,3.602571205005285,178.11396334021234,5.038349175640903,0.0,0.0
920.4809981468977,65.5192357016942,111.74792052730659,3.7766849499837147,52.27047863613868,4.5860991324516585,0.0,0.0
917.8957323515967,74.83131615280288,282.29718975284624,1.937641568576545,229.2786617579441,2.6428027895834525,0.0,0.0
917.380000000011,73.61600000000251,171.10000000000005,5.7936745999994415,179.49999999999991,7.0239915999997455,0.0,0.0
917.0147568220534,82.08455392635432,205.6387432706636,1.2737793281811367,239.68283460211745,1.8577273868682431,0.0,0.0
918.7900000000012,61.80800000000404,162.9,3.22119359999994,186.99999999999991,4.183077800000119,0.0,0.0
917.2000000000073,75.50600000000425,177.6,7.4042713999997565,182.89999999999984,8.209569799999992,0.0,0.0
907.9900000000024,41.360000000003524,161.2,12.2584312,187.69999999999996,17.761303599999987,0.9800000000003593,3079.0
915.0000000000082,58.01000000000053,190.10000000000005,1.2079475999997338,246.39999999999992,2.236939999999757,0.0,0.0
918.1229673148421,69.68737310030092,224.59488369327173,3.6501342498866336,242.07766849587085,4.774079055804407,0.0,0.0
915.4900000000082,59.324000000000495,162.10000000000005,3.377779399999718,180.79999999999995,4.563357599999796,0.0,0.0
920.535407098756,68.68930517949451,47.55651479669297,13.004928537563822,65.87394081322817,16.723531555834178,0.0,0.0
913.5000000000084,56.336000000000894,221.90000000000003,2.214570599999753,254.39999999999992,2.9527607999998944,0.0,0.0
914.0000000000076,66.64999999999851,173.80000000000004,8.366155599999768,180.99999999999991,9.439886799999906,0.0,0.0
919.0364127763736,74.2149877822087,108.75553829774785,2.9244100127006254,59.47563148990941,3.6183569662914215,0.0,0.0
911.6000000000084,46.346000000000295,110.20000000000003,2.304048199999655,96.09999999999992,3.154085399999916,0.0,0.0
920.9692431501261,69.01193102847918,197.20283746950903,4.468167475860528,210.03705924541333,5.892788594826037,0.0,0.0
919.7800000000076,65.49800000000023,184.30000000000004,2.3040481999996927,81.2999999999999,2.840913799999916,0.0,0.0
923.8339962260968,68.39986218870987,57.12574792474248,13.097821240255644,78.70342490624324,17.16838281514663,0.0,0.0
920.3100000000056,83.13800000000404,53.2,14.159830199999758,74.49999999999986,17.73893419999999,0.0,0.0
917.6000000000076,74.119999999998,179.10000000000005,2.147462399999734,190.69999999999996,3.467256999999896,0.0,0.0
915.4700000000045,64.9400000000048,174.4,1.297425199999911,219.89999999999992,1.9237683999999733,0.0,0.0
920.2400000000058,74.40800000000408,173.1,6.487125999999776,180.69999999999987,7.359532599999992,0.0,0.0
921.8600000000032,38.58800000000512,209.9,3.579104000000005,172.19999999999993,4.339663600000047,18.080000000000037,15800.0
923.6000000000064,51.98000000000104,307.4000000000001,2.9527607999996497,282.8999999999998,3.5791039999999934,0.0,0.0
920.1100000000096,61.141999999998674,236.70000000000005,3.6238427999997023,187.99999999999991,4.652835199999979,0.0,0.0
919.871551377127,65.6674819362744,81.66297792773976,3.842941802805504,91.13943922139957,5.037385576138456,0.0,0.0
923.0518734140244,68.1943223203919,227.2953740091661,2.474477800824631,253.56674339227104,3.2768455261086,0.0,0.0
916.2583086735539,74.59301339262646,181.852429703746,8.76824011460949,193.18803730467576,10.239268548274158,0.0,0.0
917.9000000000087,51.385999999999505,219.00000000000009,5.569980599999758,240.79999999999995,6.979252799999892,0.0,0.0
919.7600000000093,64.8139999999967,214.00000000000009,4.2949247999996345,232.09999999999997,6.129215600000036,0.0,0.0
918.4600000000113,79.44800000000203,177.90000000000003,2.9303913999993707,187.59999999999997,3.4896263999997936,0.049999999999954525,140.0
915.6100000000047,69.31400000000244,46.7,10.916267199999702,64.49999999999986,14.204568999999928,0.0,10.0
919.3900000000012,67.0640000000023,170.8,5.458133600000034,190.5,6.867405799999969,0.0,0.0
917.590000000001,82.66999999999986,170.9,3.601473400000034,183.4,4.7199433999999805,0.0,0.0
923.0185499647853,70.33053242544793,152.5635421460488,3.0596960386001135,181.2747799952965,4.269037624956108,0.0,0.0
921.900000000004,78.20600000000228,50.700000000000045,5.368655999999667,74.4999999999999,7.4490101999999405,0.0,0.0
913.7700000000076,49.42399999999871,175.80000000000004,12.571602799999766,185.29999999999995,15.367777799999873,0.0,0.0
920.1400000000096,64.05799999999695,50.40000000000005,4.2054471999996235,61.99999999999991,5.0107456000000274,0.0,0.0
920.9025992631863,56.99471668130287,70.7435322062195,2.9017226083773133,63.999512826994206,3.5115271658698086,0.0,0.0
920.3600000000032,74.19200000000113,56.10000000000005,4.719943399999644,72.6999999999999,5.569980599999992,0.0,0.0
917.2200000000012,79.9519999999998,52.8,3.60147340000002,68.6,4.585726999999965,0.0,0.0
918.3000000000056,83.89400000000411,62.2,2.70669739999978,74.59999999999988,3.355409999999936,0.0,0.0
920.6600000000084,70.55599999999872,47.30000000000005,11.922890199999815,66.89999999999989,15.748057599999848,0.0,0.0
916.1600000000036,48.128000000005066,183.1,12.817666199999904,193.49999999999991,14.987497999999947,5.2720000000002765,10725.0
915.5500000000136,73.76000000000222,182.40000000000003,9.372778599999382,193.39999999999992,10.938636599999754,0.0,0.0
915.0100000000116,47.4979999999998,163.10000000000005,4.943637399999545,195.89999999999992,6.5766035999999515,0.0,0.0
919.0000000000017,63.4640000000015,96.0,0.7829290000000233,105.0,1.2303169999999182,0.0,0.0
916.300000000012,73.92200000000199,223.60000000000005,1.5882273999994951,240.09999999999997,2.3040481999998303,0.0,0.0
917.3966172307396,78.69746777674152,134.90970680000373,2.637338558526464,40.85169294053952,3.7711158408322754,0.0,0.0
924.1400000000044,55.562000000001156,222.40000000000003,3.2435629999996296,239.69999999999996,4.048861399999953,0.009999999999308784,140.0
916.3000000000028,58.49600000000442,175.0,4.071230799999936,182.39999999999992,4.719943400000059,0.0,0.0
919.650000000002,77.0360000000015,70.6,3.8251673999999936,85.5,4.7646821999999664,0.0,0.0
913.2600000000074,48.25399999999728,235.90000000000003,11.497871599999748,252.59999999999997,14.182199599999905,0.0,150.0
922.69000000001,69.16999999999865,55.200000000000045,9.641211399999673,83.09999999999991,13.13083780000002,0.0,0.0
909.8600000000093,54.13999999999736,159.70000000000005,18.723187799999682,187.89999999999992,24.47212360000001,9.04999999999984,17704.0
917.6500000000058,84.2720000000047,204.0,1.0513617999998066,242.49999999999986,1.610596800000093,0.0,0.0
918.7000000000037,47.78600000000589,189.4,2.326417599999907,202.09999999999997,2.8185443999999436,0.11999999999989085,410.0
917.1300000000084,80.24000000000005,183.30000000000004,1.6329661999998017,38.49999999999991,2.2593093999998923,0.0,0.0
922.3700000000044,56.48000000000439,110.6,1.8790295999997368,90.89999999999986,3.176454799999908,0.02000000000043656,120.0
919.3200000000064,67.53199999999796,142.60000000000005,1.096100599999746,124.09999999999992,1.7448131999998877,0.0,0.0
922.360000000008,74.3359999999992,166.90000000000003,4.183077799999753,209.99999999999991,6.912144600000002,0.0,0.0
915.7300000000027,45.73400000000227,182.2,7.314793799999942,190.09999999999997,8.500371999999983,0.0,0.0
915.2653903747977,80.31328745022648,147.99770249581283,1.381721487960572,145.4863187493221,1.8387163064655243,0.0,0.0
919.4000000000003,79.17799999999951,150.1,2.4158952000000182,180.7,3.579103999999969,0.0,0.0
915.8900000000003,82.3999999999998,210.7,0.9171454000000291,220.5,1.431641599999981,0.0,0.0
920.930000000007,75.43399999999795,40.200000000000045,2.1474623999997218,65.09999999999991,2.9751301999999136,0.0,0.0
922.962035579312,62.131387492726205,195.12669376958516,4.370476524594047,204.88851079797809,5.240068616396209,0.0,0.0
918.2900000000128,75.23600000000191,210.90000000000003,2.3040481999993694,232.79999999999995,2.9751301999997835,0.0,0.0
922.1314417077507,59.93227385576252,166.23711658450242,2.167788868358119,195.88762780516583,3.04269066322386,0.0,0.0
920.0807770671594,60.966454006612985,163.7130879163198,2.751329471754078,190.11683701255916,3.645007588621771,0.0,0.0
918.2739688867357,55.58358679007107,47.85212764220346,6.503472883279461,63.63130115702072,7.9122050770433425,0.0,0.0
916.2000000000073,84.48799999999983,42.80000000000005,4.5633575999998435,62.99999999999991,5.748935799999856,0.0,0.0
913.7000000000087,64.88600000000068,185.90000000000003,3.4672569999997416,196.99999999999991,4.093600199999853,0.0,0.0
924.0800000000038,60.08000000000497,54.2,18.92451240000002,72.09999999999991,23.554978200000072,0.0,10.0
917.6900000000073,75.03800000000402,79.7,3.131715999999752,82.79999999999987,4.8317904,0.0,0.0
920.860000000008,66.937999999999,75.40000000000005,2.6843279999997454,88.9999999999999,3.4448875999999142,0.0,0.0
922.6394890866768,72.48003162597915,68.51617260606345,5.106287100824205,75.84320378643825,5.952700856563065,0.0,0.0
915.6441390923027,82.3349195090728,117.95476184395865,1.563611187037699,135.19353521958848,2.399074064074939,0.0,0.0
916.550000000009,53.50999999999836,205.80000000000004,3.8027979999996115,226.09999999999997,4.943637399999937,0.009999999999990905,10.0
918.5800000000067,76.98200000000416,150.7,1.3197945999997591,181.99999999999986,1.9461377999999951,0.0,0.0
923.6100000000024,58.40600000000219,47.7,10.603095600000003,67.09999999999991,13.622964599999973,0.0,0.0
916.400000000004,50.66600000000296,134.3,1.0066229999997205,172.29999999999993,1.4987497999998851,0.0,0.0
916.7370565190256,77.37667410979832,184.1935057294315,3.3341379983924284,201.33261174771454,4.048377156879587,0.0,0.0
921.5200000000066,59.216000000000896,48.80000000000005,14.78617339999964,63.399999999999906,18.119214000000113,0.0,40.0
920.1103501737424,74.8187079352237,237.45520923582515,2.361333410559313,239.56044557801175,3.044961821119088,0.0,0.0
916.8180715081226,74.30292525056294,177.55756350090155,6.654340971882916,183.68507523332104,7.469132162112488,0.0,0.0
921.360000000008,50.44999999999932,218.50000000000009,9.014868199999732,229.19999999999996,10.468879199999924,0.22000000000002728,1070.0
918.4000000000017,57.56000000000406,163.5,3.1540853999999574,211.49999999999991,4.362033000000115,0.0,0.0
912.9000000000128,78.33200000000203,167.00000000000006,7.829289999999535,177.09999999999994,9.887274799999826,0.0,0.0
917.6000000000073,81.91399999999952,90.40000000000003,1.677704999999848,121.3999999999999,2.348786999999853,0.0,0.0
916.6500000000065,89.40200000000375,185.2,1.7224437999997664,217.49999999999986,2.1922011999999125,0.0,0.0
915.3100000000113,78.87200000000233,212.40000000000003,1.655335599999468,189.79999999999995,2.080354199999748,0.0,0.0
919.0000000000116,69.81800000000213,238.00000000000009,1.6777049999993636,269.2999999999999,2.169831799999752,0.07000000000005002,270.0
913.5200000000128,62.51000000000219,182.90000000000003,8.3214167999995,189.09999999999997,9.305670399999793,0.0,0.0
915.1000000000046,57.03800000000425,186.9,4.115969599999699,201.59999999999985,4.943637399999899,0.0,0.0
915.6000000000084,69.20600000000053,178.70000000000005,2.5724809999997307,182.99999999999991,3.2435629999998286,0.0,0.0
921.2110659358673,59.81076305616097,55.30314299742022,17.896291876059244,76.74202225138289,23.43976847018505,0.0,8.213187172872349
916.6200000000064,46.922000000001056,186.60000000000005,8.366155599999667,192.49999999999991,9.5741032,0.0,0.0
919.4000000000026,69.85400000000477,119.4,1.0066229999998737,158.6999999999999,1.923768399999937,0.0,0.0
915.6000000000133,69.5840000000023,185.50000000000009,4.630465799999374,198.19999999999996,5.48050299999977,0.0,0.0
916.4800000000064,72.12200000000499,170.6,4.697573999999807,182.69999999999987,5.860782800000107,0.0,0.0
914.4900000000135,77.73800000000237,44.80000000000005,9.50699499999936,54.299999999999905,10.871528399999775,0.0,0.0
920.7500000000052,49.10000000000071,179.90000000000003,7.874028799999698,191.39999999999992,9.484625599999989,0.18000000000006364,250.0
917.400000000003,61.91600000000445,251.8,1.7671825999999309,267.3999999999999,2.3264176000000534,0.0,0.0
923.4700000000059,53.06000000000074,29.900000000000052,4.429141199999656,60.699999999999896,6.464756599999973,0.0,0.0
913.3000000000067,79.3759999999983,52.200000000000045,3.2211935999998484,37.399999999999906,4.093600199999819,0.0,0.0
918.7800000000012,73.1480000000015,36.3,2.2816787999999972,46.7,2.773805599999956,0.0,0.0
918.0000000000044,66.86600000000418,198.4,2.6843279999997063,210.79999999999993,3.2659323999998864,0.0,0.0
916.7600000000067,87.00799999999947,119.50000000000004,2.3711563999998315,44.599999999999895,3.1988241999998603,0.0,0.0
918.6700000000073,71.99600000000409,177.2,2.729066799999761,197.29999999999993,3.5567345999999995,0.0,0.0
918.0600000000087,74.82200000000041,271.1,2.080354199999768,295.3999999999998,2.863283199999908,0.0,0.0
921.1700000000104,69.5479999999983,37.10000000000005,2.348786999999583,65.09999999999991,3.333040599999935,0.0,0.0
914.8300000000064,85.45999999999954,120.50000000000004,1.431641599999826,132.7999999999999,2.236939999999855,0.0,0.0
921.3400000000087,62.40199999999851,59.10000000000005,11.8334125999996,86.2999999999999,16.57572539999995,0.0,0.0
918.321574714996,71.83114161637714,144.03259146181955,2.6481802510916177,39.77126235120668,3.8625711394107167,0.0,0.0
917.0000000000066,44.63600000000135,174.20000000000005,10.088599399999644,186.69999999999996,12.728188600000033,0.7599999999998772,1500.0
917.1000000000024,43.59200000000507,211.0,8.27667800000005,220.79999999999995,9.439886800000027,0.0,0.0
919.3103100304647,76.0640987578807,273.1101328701959,2.0818322834373393,206.15449085778843,2.6885324154425736,0.01766519033120803,23.553587108209538
914.6000000000073,62.36600000000452,200.4,1.5882273999997951,234.99999999999986,2.1027236,0.0,0.0
914.4000000000128,79.91600000000203,174.40000000000003,3.9370143999993656,190.79999999999995,4.898898599999784,0.0,0.0
917.3973494007837,79.24467790741221,97.2677643833464,1.1103068160633418,95.59336010261185,1.5426760749627724,0.0,0.0
918.7300000000024,53.96000000000455,184.1,5.59235000000004,195.09999999999997,7.0910998000000545,0.0,0.0
922.7300000000087,72.22999999999931,67.90000000000005,6.5318647999997665,92.1999999999999,8.321416799999977,0.0,0.0
923.5524394390152,59.60851580633839,54.5320311223003,18.74295527364661,73.20677040766756,23.583862288283573,0.0,10.0
917.1600000000067,90.26600000000505,331.8,2.818544399999804,249.89999999999984,4.294924800000035,0.0,0.0
918.9020905167166,73.50249594566594,177.32802851984607,0.95851076631633,128.82839333688602,1.4396680777456186,0.0,0.0
922.8727888467045,62.779408330588325,45.45201866525292,14.983192157866595,63.6192488047646,19.11978784192194,0.0,0.0
919.0100000000044,60.04400000000233,147.8,2.348786999999722,62.89999999999986,2.9080219999998933,0.0,0.0
922.7542206593267,50.31093889070403,47.77126699701184,13.450383536666536,67.99995535443738,17.761276968148128,0.0,0.0
921.360000000002,47.04800000000346,46.0,11.945259599999963,67.69999999999989,15.636210599999995,0.0,0.0
914.9000000000066,78.61999999999912,203.30000000000004,1.8119213999998651,239.99999999999991,2.7514361999998327,0.0,220.0
921.7300000000024,57.776000000004,80.6,2.1027235999999374,58.799999999999905,2.6619586000001103,0.0,0.0
920.3300000000067,68.86399999999999,122.40000000000003,2.0356153999998643,181.99999999999991,3.086977199999861,0.0,0.0
917.3344108536895,67.00316845804598,66.15487160822411,4.738371951228246,79.24146525479303,5.786874213520296,0.0,0.0
917.8000000000077,66.00200000000035,157.00000000000006,2.281678799999736,180.89999999999992,3.3106711999998333,0.0,0.0
920.920000000006,74.21000000000063,60.90000000000005,8.455633199999657,76.2999999999999,10.670203799999967,0.0,0.0
920.080000000006,80.58200000000384,40.7,4.518618799999764,62.99999999999986,5.883152199999977,0.0,0.0
915.5700000000064,61.34000000000051,174.30000000000004,4.898898599999634,180.59999999999997,5.502872399999959,0.0,0.0
916.6300000000034,81.26600000000465,128.1,1.0066229999998744,135.2999999999999,1.5882273999999477,0.0,0.0
917.5400000000006,77.50400000000009,150.7,2.1474624000000224,207.0,3.444887599999974,0.0,0.0
912.3000000000123,74.55200000000218,164.40000000000003,3.758059199999348,182.79999999999995,4.8094209999997855,0.0,0.0
918.3500000000051,75.92000000000421,126.3,1.6105967999998028,168.99999999999986,2.5724810000000984,0.0,0.0
920.1800000000087,53.294000000000416,60.000000000000036,5.234439599999684,41.1999999999999,6.352909599999911,0.0,0.0
918.850336146548,74.08463941297433,69.44844917478723,3.4164054845570053,103.05891522881457,4.748526321776488,0.0,0.0
920.0956776346304,53.80033018193415,212.84840519508046,4.366221857089548,223.0099596574809,5.131371245060583,0.0,0.0
917.7625807321233,82.06433413137862,110.257852368425,2.2345081458476184,129.77987954453548,3.2062544882796233,0.0,0.0
914.6210615361557,74.4035419684017,176.98938551398754,4.2704309602890715,194.31806327884468,5.256350810552922,0.0,0.0
922.8900000000017,63.17600000000577,183.6,4.4067718000000795,198.49999999999991,5.726566400000053,0.0,0.0
925.2776611921105,66.46657459067279,49.4049390974192,11.228853881286518,77.89934629592973,15.344011094185321,0.0,0.0
926.7700000000093,65.69599999999856,47.700000000000045,9.909644199999672,65.59999999999991,12.728188599999998,0.0,0.0
919.4138094678807,67.50973313729398,143.69272566974055,1.1099366099601398,125.41951778987524,1.7794032249008729,0.0,0.0
917.1000000000024,58.64000000000385,185.3,10.245185199999902,191.29999999999995,11.587349200000086,0.0,0.0
919.4478167280826,61.51866010352275,53.182647970522936,14.405626854767913,72.12874177941528,17.61126679720003,0.0,0.0
921.68481739933,61.053888614883405,55.95905704543669,10.993913900368105,75.86412607134409,13.952915290884066,0.0,0.0
918.8455663332255,80.22937326268298,189.15927644918239,1.9158989058288316,77.49132109987433,2.9693090582246815,0.0,0.0
921.7270335122473,61.249617431507595,56.50145114118085,10.24176529596647,76.77391164411429,13.122790039609475,0.0,0.0
922.850000000008,63.0859999999989,47.700000000000045,15.434885999999793,64.9999999999999,19.304792199999984,0.0,0.0
922.8581101172493,64.98936079015147,63.48304689331191,10.261187175206198,73.17050392730856,11.949205688041484,0.0,0.0
922.1200000000084,55.57999999999953,51.90000000000005,14.294046599999788,72.1999999999999,19.013989999999925,0.0,0.0
922.9000000000036,71.07800000000105,151.80000000000004,3.1540853999996536,182.39999999999992,4.384402400000008,0.0,0.0
916.0400000000116,88.84400000000223,176.00000000000009,1.4092721999994158,112.79999999999993,2.19220119999977,0.0,0.0
925.1728083612132,72.08517343957939,229.84982580809438,2.62077806435268,222.44153677459119,3.473218344039089,0.0,0.0
922.5429890536043,67.90605741841837,198.48423337946704,4.280884789627859,208.60976209612352,5.2623844541795,0.0,0.0
921.290000000007,83.22799999999852,162.60000000000005,2.66195859999974,193.99999999999991,3.556734599999756,0.0,0.0
921.2400000000064,71.78000000000068,216.40000000000003,1.6105967999996436,171.3999999999999,2.5724809999999683,0.0,0.0
919.5114749814521,55.09340486258315,213.95083138122158,4.118457284019123,223.6653853540731,4.8332781999276815,0.0,0.0
919.2800000000116,72.64400000000205,95.90000000000003,4.7199433999994085,85.59999999999991,5.8831521999997936,0.009999999999990905,20.0
919.287985441125,76.70823367429156,166.79741242831489,1.3029474138733477,199.30611215335136,1.8141302855495232,0.0,0.0
919.1800000000114,74.84000000000069,51.700000000000045,21.34040759999952,76.09999999999991,26.351153199999967,0.009999999999990905,138.0
908.4200000000076,46.11199999999881,174.00000000000009,16.217814999999742,212.39999999999992,21.27329939999992,0.06999999999993634,400.0
917.410000000006,79.98800000000413,166.9,4.876529199999768,176.89999999999992,5.883152199999935,0.0,0.0
922.383131199392,70.86526349026627,36.17417477742497,1.8472780842202248,58.42863248830409,2.529142073698898,0.0,0.0
919.760000000005,54.284000000000276,214.00000000000009,4.205447199999703,223.49999999999991,4.921267999999992,0.0,0.0
923.8000000000084,59.97199999999815,209.40000000000003,3.042238399999627,242.09999999999997,4.339663600000045,0.17999999999994998,1350.0
919.968818645262,66.69566729751675,64.42289390646118,9.361890963938448,74.97891478507697,10.847515101640072,0.0,0.0
913.6332676770419,82.66416425742919,206.37159312890338,1.3114908737833868,165.08581789597602,1.9078011639633807,0.0,0.0
917.4000000000017,45.122000000005706,215.5,8.187200400000071,225.39999999999992,9.64121140000007,0.0,0.0
918.4000000000044,51.60200000000471,209.6,2.572480999999913,227.99999999999991,3.221193599999977,0.0,0.0
910.4500000000024,47.822000000000976,171.9,14.428263000000012,188.7,18.074475199999974,0.01000000000021828,75.0
919.6100000000024,70.25000000000372,119.4,3.4001487999998714,162.5999999999999,5.077853800000086,0.0,0.0
921.4611651723565,63.1163285668902,65.07102334207707,9.38454163993958,80.62614005246208,11.997092791531902,0.0,0.0
920.9713980467667,68.25382288107109,192.1543754602337,2.248278623461632,221.6801869937429,3.125880545438376,0.0,0.0
916.270000000011,71.72600000000061,189.50000000000009,12.2136923999995,194.89999999999992,13.4440093999999,0.0,0.0
917.5600000000115,68.61200000000248,171.60000000000005,7.605595999999439,179.59999999999994,8.679327199999754,0.0,0.0
920.8000000000033,57.54200000000202,211.50000000000009,7.0910997999996175,223.69999999999996,8.50037200000003,0.0,0.0
918.8000000000037,67.08200000000228,176.1,4.8765291999996885,183.39999999999984,5.569980599999913,0.0,0.0
916.8678815114183,81.45214955159197,91.34080646897993,1.8766785206933445,122.71712905657179,2.651073694899632,0.0,0.0
918.540000000002,46.652000000004215,213.6,16.486247799999962,221.19999999999996,18.029736400000047,0.07999999999992724,1153.0
919.5500000000017,59.090000000001965,49.0,20.89301960000002,58.5,24.695817599999977,0.0,0.0
914.5400000000128,67.6580000000016,170.20000000000005,8.25430859999954,184.29999999999995,10.849158999999807,0.0,0.0
920.7366407020047,69.53207695608285,183.12665524753325,4.019666294390242,189.5552214812711,4.802682416494421,0.0,0.0
914.9000000000079,64.6880000000009,174.60000000000005,5.659458199999743,184.49999999999991,6.867405799999885,0.0,0.0
917.2400000000027,45.48200000000371,153.8,7.225316199999976,77.9999999999999,10.55835680000001,0.06000000000040018,740.0
922.8200000000077,55.09399999999899,59.90000000000005,2.7514361999997914,75.7999999999999,3.4448875999999613,0.0,0.0
917.2000000000056,65.26400000000413,137.6,1.7671825999997548,176.69999999999987,2.5501115999999113,0.0,0.0
921.1268633638043,48.61428416150457,42.35518780028165,11.313568200562804,65.46714207584812,15.0339001958855,0.0,0.0
916.1000000000116,76.35200000000228,138.60000000000005,5.033114999999424,161.5999999999999,5.771305199999768,0.8940000000000055,2981.0
917.020000000006,53.258000000000884,180.20000000000005,3.131715999999648,216.59999999999997,4.4515105999999305,0.0,0.0
915.700000000006,56.53400000000529,143.5,1.6329661999998035,173.99999999999991,2.1698318000000474,0.0,0.0
922.6928576037798,62.72707027765605,60.405585394120685,7.659790563695207,76.34713518436888,9.662589500712368,0.0,0.0
921.5400000000025,45.28400000000439,192.1,8.410894399999954,200.19999999999996,9.372778600000052,0.07999999999992724,397.0
912.5000000000052,57.39800000000555,123.7,2.6619585999998034,133.7999999999999,3.8699062000000506,0.0,0.0
918.0000000000052,60.31400000000066,187.50000000000009,4.272555399999681,207.59999999999997,5.547611199999935,0.0,0.0
922.4126586899333,64.01853693095224,127.98169526346088,3.250916119131665,102.55278781608385,4.844723245067146,0.0,0.0
914.0700000000016,47.0480000000014,319.9,3.7356898000000327,229.9,4.9212679999999045,2.0300000000000864,5930.0
919.8400000000067,65.67799999999804,64.90000000000005,9.484625599999754,74.7999999999999,10.87152839999988,0.0,0.0
921.8800000000017,47.57000000000362,45.6,13.220315399999947,67.39999999999989,17.40339320000005,0.0,0.0
917.2000000000077,75.6139999999983,138.30000000000004,1.946137799999852,128.1999999999999,2.7290667999998317,0.0,0.0
919.9922621762737,62.96438311633252,54.7990936153581,12.680435740203539,74.25422348610172,15.452305806183405,0.0,0.0
917.4474729099617,75.70030203530958,147.95018060029395,2.643516869562788,50.84804772644618,3.84954834588976,0.0,0.0
921.3100000000024,61.340000000004785,48.1,7.784551199999888,55.799999999999905,9.104345799999932,0.0,0.0
923.1077680934326,60.60163981141178,51.20851721053708,17.18883520181823,64.24735767765965,22.195712924315686,0.0,19.348383717071744
919.3300000000087,53.941999999997684,163.90000000000003,1.6105967999996036,203.89999999999992,2.2816787999999653,0.2100000000000364,610.0
921.1602913241553,75.18941771667656,225.53754033496327,2.1732744102473807,250.63815186864986,2.917762771014716,0.03513844072259895,263.53830541973184
918.0900000000116,68.86400000000076,54.80000000000005,16.50861719999951,73.3999999999999,21.22856059999997,0.0,0.0
919.7000000000064,72.0140000000042,178.8,5.301547799999786,196.19999999999987,6.777928199999947,0.0,0.0
921.4400000000079,61.21399999999874,200.50000000000009,5.502872399999705,211.19999999999996,7.091099799999998,0.0,0.0
918.8767448193346,77.08370529858604,183.37767720501893,4.324869058860937,193.00967502654944,5.063600320208588,0.0,0.0
922.4000000000087,47.69599999999707,170.70000000000005,2.5277421999996115,172.09999999999994,3.511995800000017,0.0,0.0
916.0400000000076,51.81799999999812,177.80000000000004,4.0936001999997815,189.79999999999995,4.764682199999845,0.0,0.0
918.1000000000116,58.7660000000021,188.10000000000005,4.630465799999423,199.89999999999992,5.8607827999997815,0.0,0.0
921.5597539852313,70.9458668828601,166.21292008832404,3.975136621380011,210.3031234904452,6.396812113855348,0.0,0.0
919.7200000000121,73.40000000000212,109.90000000000003,1.856660199999436,83.6999999999999,2.5724809999997738,0.009999999999990905,80.0
921.8000000000012,53.492000000005284,305.9,3.0869772000000704,275.5999999999999,4.205447200000049,0.0,0.0
916.2300000000076,65.82200000000037,165.50000000000006,7.337163199999849,182.99999999999991,9.909644199999851,0.0,0.0
914.6700000000087,64.16600000000042,137.80000000000004,2.1250929999997163,176.99999999999991,2.7290667999997873,0.0,0.0
913.6100000000076,79.62800000000041,180.50000000000009,3.2659323999998024,187.89999999999992,3.7580591999998982,0.0,0.0
925.3100000000012,57.398000000004025,184.9,2.9751301999999646,205.59999999999997,3.847536800000069,0.0,0.0
919.0000000000113,68.16199999999914,98.60000000000004,1.7224437999995326,126.3999999999999,2.3040481999999214,0.0,0.0
920.3500000000087,46.86799999999808,181.30000000000004,7.426640799999594,193.69999999999996,9.238562199999961,5.559999999999945,5820.0
918.9000000000003,76.87399999999998,343.4,2.8632832000000317,147.8,3.668581599999964,0.0,0.0
921.6436746223143,68.89438461233793,194.79757640455037,3.3733021199382933,216.3793583643797,4.520630244758333,0.0,0.0
929.3200000000012,49.98200000000367,107.7,1.7895519999999332,152.5999999999999,3.0422384000000724,0.0,0.0
920.9004345097997,64.14800225888986,127.75084766246773,2.6352490370259467,49.352505339281095,3.3105953531967987,0.0,0.0
914.9500000000077,47.20999999999799,183.90000000000003,7.627965399999777,191.19999999999996,8.612218999999852,20.01999999999964,11650.0
918.0000000000116,66.75800000000258,171.60000000000005,5.704196999999434,180.29999999999995,6.755558799999764,0.0,0.0
920.6400000000025,53.88800000000389,42.0,14.763803999999919,64.89999999999989,19.43900860000009,0.0,10.0
922.0704549175287,76.74220081626338,165.73640761246781,3.771458562406925,205.6703539068566,6.004160987662822,0.0,0.0
921.4000000000036,63.050000000001404,223.20000000000005,1.3197945999996417,184.99999999999991,1.879029600000041,0.0,0.0
921.3913192278056,68.22350764874004,199.1894024151821,4.53861758386139,208.44464444262482,5.402600970028956,0.0,0.0
918.030000000003,50.66600000000506,128.9,2.5277421999999006,117.3999999999999,4.004122599999948,0.0,0.0
916.2600000000044,69.00800000000403,68.6,2.706697399999756,79.49999999999986,3.2659323999999126,0.0,0.0
923.0544330236424,65.16357022412929,151.84254396548897,3.5440454935785586,181.17100810181384,4.94376453848197,0.0,0.0
913.5000000000048,68.23400000000528,181.0,3.1093465999998258,190.79999999999995,3.75805920000006,0.0,0.0
921.5915580065573,58.754548529285756,90.52730392026136,2.7749697590453124,57.17921568648786,3.4172913629724766,0.0,0.0
919.013672319594,62.59743171621365,166.8471585810516,3.6430502082230873,190.07001222970678,4.869821115712083,0.0,0.0
917.7300000000064,76.13600000000443,85.9,4.294924799999791,42.79999999999986,5.950260400000078,0.0,0.0
915.8085372066456,73.21752187656296,215.62936772196315,2.1792381628589457,232.5468761110588,2.867685110537971,0.008948746629379094,67.11559972040425
920.7155319133154,62.81579150716431,116.13128087931213,3.872760503768177,51.28075961002251,4.771044039023803,0.0,0.0
914.9600000000052,66.77600000000498,172.7,4.988376199999804,182.99999999999991,5.816044000000099,0.0,0.0
920.8759516505676,74.20858416019729,60.522442719102564,8.161792182673725,76.0168320393268,10.26903163263283,0.0,0.0
920.8239102386406,66.57096157045996,198.00539586662967,4.128369217927142,210.59593545329255,4.95664842435977,0.0,0.0
923.6000000000064,65.03000000000111,62.30000000000005,7.091099799999605,75.09999999999991,8.410894400000002,0.0,0.0
926.5000000000019,71.11400000000431,52.8,12.101845399999908,68.59999999999991,14.808542800000104,0.0,0.0
920.2881549129116,75.76523686308755,91.57883166458198,1.2711504306430739,88.19448436570104,1.897493630643118,0.0,0.0
923.8000000000033,55.13000000000146,55.200000000000045,3.0198689999996327,47.099999999999895,3.847536800000036,0.0,0.0
922.9800000000064,63.37400000000061,125.30000000000004,3.6462121999996633,98.59999999999992,5.413394800000108,0.0,0.0
916.6000000000051,71.09600000000553,189.3,3.06460779999982,200.79999999999995,3.892275600000047,0.0,0.0
916.0800000000123,61.286000000002346,155.40000000000003,1.9685071999994492,191.39999999999992,2.6843279999997445,0.0,0.0
919.4074045110012,64.49647734915405,54.710528015811406,8.38148586110755,68.62703418828636,10.320799931741886,0.0,0.0
915.700000000002,60.51200000000231,79.1,8.231939200000005,88.2999999999999,9.43988679999998,0.0,0.0
916.180000000012,49.56800000000102,181.60000000000005,7.247685599999504,190.99999999999991,8.925390599999828,0.0,0.0
920.4238628793288,70.86005799308916,198.97395437425598,4.38891561841625,211.30084363230088,5.2594430401761,0.0,0.0
917.8482865377632,72.35953393143345,174.7154322307504,2.9169044762463416,191.97625470022408,3.5790446511333376,0.0,0.0
918.300061513806,55.421801552739666,89.96698562710276,4.853685835226188,96.19767614539437,7.462878372273608,0.0,0.0
920.59812156305,53.154927630282366,44.82549728682717,5.349240348153313,73.42162970256409,7.247049116075371,0.0,0.0
921.8744784039716,68.0938479498513,70.90865373120918,2.1465855504055327,96.0953036744281,2.8912946712914533,0.0,0.0
925.278535468258,58.09476625098937,52.60620283476671,18.254249417410122,68.40239057665866,22.74210607217836,0.0,10.0
923.2700000000034,63.554000000004905,78.9,10.558356799999986,80.1999999999999,15.099345000000033,0.0,0.0
916.8000000000026,65.44400000000459,164.4,3.5567345999999294,196.59999999999997,4.719943400000036,0.0,0.0
916.8700000000067,67.60399999999804,66.30000000000004,4.406771799999753,79.1999999999999,5.346286599999877,0.0,0.0
921.6458394843828,65.73495809770884,266.1396558042992,2.0245524860267583,232.51154724513276,2.564244707533606,0.0,0.0
919.4700000000056,84.5780000000033,53.0,3.131715999999776,77.99999999999986,3.9817531999999214,0.0,0.0
915.2900000000027,50.61200000000433,153.8,4.451510599999985,185.29999999999995,7.202946800000039,0.0,0.0
923.7346151412827,59.089350135196284,53.32885124654772,18.65398594809339,70.69591318561211,23.268403568743068,0.0,11.024880886414454
920.2254459902647,75.24016923267973,213.62764157870456,3.0161650335473422,222.47861792106465,3.8717046605214445,0.0,0.0
917.0900000000087,63.266000000000254,175.50000000000009,6.733189399999717,186.29999999999995,7.963506399999805,0.0,0.0
913.2700000000057,40.10000000000114,190.40000000000003,12.929513199999645,201.39999999999992,14.920389799999981,0.0,0.0
920.7100000000087,50.41400000000039,45.700000000000045,16.284923199999753,58.399999999999906,20.75880319999997,0.0,20.0
923.8200000000016,64.36400000000572,126.4,2.9751302000000734,63.799999999999905,3.467257000000047,0.0,0.0
916.9900000000076,75.07399999999828,73.00000000000004,4.6080963999997415,98.99999999999993,6.375278999999908,0.0,0.0
924.3902264904813,66.09908715430353,63.31115419484546,9.650178614622098,72.45162891825338,11.3160256843595,0.0,0.0
913.0600000000032,64.81400000000556,139.9,1.1855781999999138,183.99999999999991,1.9461377999999616,0.0,0.0
921.5000000000059,49.55000000000121,90.70000000000003,1.7448131999996142,112.29999999999993,2.684327999999957,1.5299999999997451,5420.0
914.2500000000032,52.556000000004644,179.0,7.963506399999938,188.89999999999992,9.37277860000004,0.0,0.0
916.3000000000113,68.77400000000259,67.60000000000005,4.115969599999456,78.9999999999999,5.189700799999743,0.0,0.0
920.1000000000051,52.97000000000097,43.30000000000005,5.391025399999705,77.4999999999999,7.4490101999999805,0.0,0.0
925.960000000002,56.96600000000338,51.7,17.873150599999914,66.2999999999999,22.279922400000068,0.0,10.0
917.2683056047663,85.6616297571622,266.49346191366817,2.1580580573582577,194.70251137988498,2.829140057358253,0.03117410193745618,70.52665037198926
919.0800000000012,72.75199999999975,166.0,2.460633999999992,198.9,3.1317159999999777,0.0,0.0
916.4700000000064,66.0920000000041,65.1,2.5724809999997515,83.09999999999988,3.377779399999965,0.3699999999996635,2230.0
920.9700000000082,59.71999999999876,55.500000000000036,12.079475999999723,73.6999999999999,14.965128599999945,0.0,0.0
917.5800000000132,69.36800000000208,180.70000000000005,6.956883399999382,191.69999999999996,8.634588399999773,0.0,0.0
917.9558331750617,78.3830144412864,40.3989813583766,5.737710249545254,57.79444549962901,7.192632705622634,0.0,0.0
922.808445487988,60.06418129210985,136.52777021673012,3.378980957840475,148.02720103106932,5.268364379435186,0.0,0.0
910.3400000000078,50.71999999999946,174.70000000000005,10.78205079999983,192.69999999999996,13.399270599999836,0.0,0.0
917.61000000001,73.02199999999822,42.30000000000005,4.339663599999556,64.19999999999989,5.592349999999943,0.0,0.0
919.3700000000057,65.13800000000067,54.40000000000005,8.724065999999645,68.4999999999999,10.759681399999963,0.0,0.0
919.7000000000104,76.20799999999831,31.200000000000053,1.0737311999995616,73.9999999999999,1.5211191999999465,0.0,0.0
920.5900000000024,47.80400000000464,127.6,2.2816787999999435,156.8999999999999,2.9751302000000446,3.709999999999922,6670.0
912.6000000000056,58.40600000000538,172.7,3.8251673999998177,189.09999999999997,4.764682200000045,0.0,0.0
913.4900000000082,51.097999999999026,169.30000000000004,5.301547799999732,192.29999999999995,6.777928199999749,0.0,0.0
918.6900000000064,48.902000000000754,200.40000000000003,4.473879999999629,222.09999999999997,6.084476800000001,0.0,0.0
916.4000000000067,78.51199999999956,182.50000000000009,3.9146449999998367,191.59999999999997,4.6304657999998655,0.0,0.0
920.650000000004,51.81800000000507,34.9,10.021491200000012,60.899999999999906,13.801919800000062,0.0,0.0
917.6900000000087,64.99400000000027,178.30000000000004,2.9751301999997164,193.89999999999992,3.735689799999797,0.0,0.0
924.5712601790083,60.421240256239564,161.7688273136034,1.9954691615036009,167.09773885785688,2.9845850851038294,0.0,0.0
924.0500000000028,47.24600000000324,47.9,13.980874999999957,68.2999999999999,17.850781199999982,0.0,20.0
920.0200000000025,49.9460000000049,183.4,8.388525000000065,193.69999999999996,9.820166600000055,0.0,0.0
915.6900000000052,43.646000000005294,177.9,9.171453999999812,187.29999999999995,11.117591800000048,0.0,80.0
919.4100000000113,78.31400000000238,183.70000000000005,3.7580591999994266,42.6999999999999,5.391025399999768,0.0,0.0
919.282942348936,63.33495991644185,44.92114613307715,4.419148422911731,80.74229226615412,6.230537572008911,0.0,0.0
918.8400000000078,68.95399999999952,45.80000000000005,3.8922755999998047,82.4999999999999,5.569980599999832,0.0,0.0
924.9400000000084,57.1639999999998,53.200000000000045,14.025613799999778,69.4999999999999,18.65607959999998,0.0,0.0
917.0700000000032,47.102000000003024,162.2,4.540988199999902,184.09999999999997,6.487125999999934,0.0,0.0
920.3001675100412,66.95311020559066,49.238568706141216,21.418196868779305,62.80300190570107,25.815630616587683,0.0,38.27713741228234
923.3172954367018,70.34564732903388,194.73265226671143,4.181992574712213,219.31403118330115,5.402380133602977,0.0,0.0
921.1100000000052,41.23400000000092,197.10000000000005,17.76130359999967,114.6999999999999,20.356154000000007,0.0,0.0
918.1087301040652,66.61972521016877,207.60217354198974,2.913576001975245,114.69359233363251,4.4426294541489035,0.0,0.0
913.8500000000064,79.73599999999936,191.70000000000005,3.1093465999998333,207.79999999999995,3.981753199999855,0.0,0.0
926.1773681596334,66.06856811250812,56.820778765232156,16.99667398307541,69.30130963442825,20.496978292595536,0.0,0.0
922.883180104247,69.77771706420214,194.01658573894989,3.2859868975516875,219.82870400012973,4.356205907197676,0.0,0.0
916.3100000000064,79.50199999999954,175.70000000000005,6.7108199999998455,186.99999999999991,8.142461599999846,0.0,0.0
920.0038901591993,69.31791272222196,197.60572069525622,4.67085357364562,210.02791751137053,6.047160367503418,0.0,0.0
915.8700000000059,76.55000000000467,224.5,2.169831799999796,215.79999999999993,2.9080220000000185,0.0,0.0
922.3200000000039,55.52600000000096,215.90000000000003,9.395147999999642,228.49999999999991,10.849158999999961,0.02000000000043656,60.0
923.6682735626468,60.300907069277706,52.9331494235115,18.189477698527007,68.77451723671757,22.97934861450922,0.0,13.958908051526597
920.4856087007214,74.19603742252409,57.176646006150435,5.557863296538553,73.50748450461269,6.713967045574063,0.0,0.0
919.940110888598,76.96897212406138,179.52359464034734,4.788759632125091,191.5540599278854,5.717718473169657,0.0,0.0
919.6000000000056,46.92200000000013,205.60000000000005,16.240184399999706,214.69999999999996,18.052105799999982,0.029999999999745338,293.0
922.1838463492288,54.7905884936959,48.07333865203503,6.611144734726207,65.0839712790108,8.528633997872372,0.0,0.0
920.9352432966556,64.88420629532054,47.92704624940904,15.011645302372193,64.3188612517729,18.627607083796025,0.0,0.0
916.2000000000068,82.81400000000394,55.0,6.956883399999753,91.49999999999987,9.439886799999988,0.0,0.0
914.8000000000047,67.6580000000051,193.3,1.6105967999998183,221.19999999999996,2.2369400000000708,0.0,0.0
912.0600000000052,52.03400000000593,186.3,2.3487869999998265,141.1999999999999,3.1540854000000653,0.0,0.0
918.2600000000084,82.22000000000013,186.60000000000005,1.0961005999997933,221.49999999999991,1.7224437999999005,0.0,0.0
916.4000000000052,72.96800000000458,175.9,3.1988241999998195,186.39999999999992,3.9593838000001176,0.0,0.0
919.1100000000032,55.1660000000035,201.5,3.8027979999999526,235.19999999999996,4.7423127999999775,0.0,40.0
916.4752028897784,78.65687295829598,120.90000000000003,2.6390393471379108,132.56254778706978,3.3949784397082188,0.0,0.0
917.8075394837773,79.46219997168937,126.2423615189098,1.4657640416014577,70.00171833297857,1.96225087040201,0.0,0.0
917.7857392336374,69.05672280595338,48.28813082746941,12.221830564650602,63.70593458626517,15.332504695990801,0.0,6.02967293132648
915.9144357399193,69.38887310672962,46.7361705829601,10.976950767884777,64.64468233184024,14.297617137423694,0.0,9.397156950665053
918.3095405820384,75.05238781358126,183.26771419386918,2.0133374105903425,187.57952365644852,2.665303282572174,0.0,0.0
915.6256331463104,77.30113674726161,209.22227970954538,1.7601528383899916,233.52237308359042,2.3981423982114283,0.0,0.0
916.4500000000096,46.021999999998776,194.80000000000004,5.144961999999588,207.79999999999995,6.173954399999926,0.0,0.0
917.4852323572376,83.63697419687429,199.353185422714,1.6709298473549938,94.16482241464236,2.6882475976490947,0.0,0.0
918.7000000000024,74.44400000000215,181.0,0.917145400000028,127.6,1.342163999999971,0.0,0.0
918.2400000000048,61.9880000000049,78.4,4.451510599999913,45.099999999999895,5.838413399999971,0.0,0.0
920.7428233981509,74.51537627145241,51.42271866561785,13.876093986456434,66.85476323515678,16.98617834019088,0.009999999999990905,75.86295265396464
913.8000000000044,68.95400000000538,139.6,2.2369399999998034,188.49999999999991,3.534365200000052,0.0,0.0
919.1000000000076,87.60199999999998,275.70000000000005,2.10272359999982,133.5999999999999,3.265932399999893,0.0,0.0
919.4900000000076,85.54999999999839,95.80000000000004,3.176454799999739,51.199999999999896,4.048861399999758,0.0,0.0
923.7800000000017,64.45400000000433,150.3,4.004122600000025,179.09999999999994,5.569980600000063,0.0,0.0
918.6000000000064,40.28000000000075,163.80000000000004,3.1540853999996195,198.19999999999996,4.518618800000018,0.0,0.0
923.7200000000037,58.20800000000478,191.2,4.831790399999985,99.49999999999993,7.493749000000032,0.0,0.0
918.174955641638,73.22148688978905,183.6103239793684,1.6458333456751455,186.22094368119824,2.352811933586177,0.0,0.0
912.6500000000087,68.27000000000055,123.20000000000003,1.6777049999997111,175.29999999999993,2.684327999999769,0.0,0.0
916.4723882185465,75.93007449598923,177.8555032601353,4.900103325386097,193.52412201154254,5.902168620908928,0.0,0.0
921.0200000000032,73.70600000000334,70.9,4.1159695999998975,77.9999999999999,4.742312799999978,0.0,0.0
914.6600000000052,50.36000000000324,177.6,8.522741399999731,186.29999999999993,10.021491199999911,0.0,20.0
921.5575399207454,64.25058522100531,65.21929218575222,10.926800198283283,81.51575311451295,14.078312674027893,0.0,0.0
919.8622251670828,75.40805734485362,220.85970515539412,1.644036217375015,159.96421974119596,2.5557612913123355,0.0,0.0
923.3000000000052,58.87400000000126,69.80000000000004,8.120092199999608,86.59999999999991,10.021491200000028,0.0,0.0
916.260000000013,79.7720000000021,185.70000000000005,3.5119957999993647,201.49999999999991,4.1607083999997965,0.0,0.0
925.5882713716597,66.35298837155821,56.06405655774706,17.527932462319498,67.93988013978826,20.971183257010537,0.0,0.0
914.8000000000047,71.29400000000456,69.1,2.0803541999998005,61.49999999999991,2.9080220000000985,0.0,0.0
920.2774168720813,74.36171744816127,199.54898210171746,4.599091430870349,211.76567775039024,5.5824731385224435,0.0,0.0
920.0421424878804,65.20178968336315,122.96164926338258,3.626740706473127,48.251471936861286,4.628611524800369,0.0,0.0
920.0200000000133,81.64400000000212,209.20000000000005,1.9013989999993623,70.3999999999999,2.8856525999997995,0.0,0.0
915.1000000000028,47.1380000000033,189.8,3.8922756000000014,215.49999999999991,5.480502999999991,0.0,0.0
917.6000000000076,69.65599999999795,328.30000000000007,1.5211191999997438,227.79999999999995,2.348786999999898,0.0,0.0
921.1600000000036,44.29400000000284,277.8,1.8566601999998955,136.49999999999991,2.8632831999999535,8.899999999998613,14730.0
918.1400000000084,79.10599999999816,244.30000000000004,2.281678799999745,230.49999999999991,2.8856525999997715,0.0,0.0
922.5700000000093,69.36799999999698,193.50000000000009,2.6395891999996373,220.19999999999996,3.6014734000000366,0.0,0.0
918.0700000000024,51.710000000002346,242.4,2.5277421999999388,271.5999999999999,3.646212199999992,0.0,0.0
918.8000000000028,48.41600000000483,24.8,2.057984799999952,60.099999999999895,2.9527608000000574,0.0,0.0
919.7000000000073,72.42800000000388,241.6,1.3421639999997574,287.5999999999998,2.0803542000000115,0.0,0.0
918.6948667569764,74.67577296061759,36.538267463002384,2.6443997285838057,69.2869350326645,3.4790758589200337,0.0,0.0
920.0000000000076,74.8939999999986,46.700000000000045,6.979252799999744,64.7999999999999,8.970129399999761,0.0,0.0
921.4800000000045,76.62200000000222,195.80000000000004,4.205447199999666,213.49999999999991,5.391025399999935,0.0,0.0
913.9700000000129,72.82400000000182,219.70000000000005,1.4987497999995305,125.8999999999999,2.1922011999998343,0.0,0.0
914.5600000000136,76.22600000000237,173.30000000000004,6.6437117999993704,185.39999999999992,8.05298399999977,0.0,0.0
917.090000000005,55.27400000000365,198.3,6.017368599999746,207.39999999999984,6.956883399999906,0.0,0.0
918.8654987216844,69.16907875237322,45.3671147250267,3.8087066707108526,82.24797775087158,5.449933169830798,0.0,0.0
925.5500000000062,50.9180000000008,32.60000000000005,5.4133947999996535,57.49999999999991,8.12009220000007,0.0,10.0
919.0900000000058,76.76600000000472,166.2,1.2974251999998114,198.99999999999991,1.8119214000001167,0.0,0.0
917.3300000000052,79.80800000000465,198.9,1.9908765999998157,225.79999999999993,2.773805600000071,0.0,0.0
919.9200000000033,52.21400000000478,94.5,1.990876599999994,85.2999999999999,2.773805600000021,0.0,0.0
921.6156984155984,76.02907552463104,173.8211847453088,1.3678720305956131,202.905069869497,1.8401001322383288,0.0,0.0
921.9752195761563,67.32097329289095,55.76784829299079,16.962240136490177,70.6347191628834,20.991439519561762,0.0,0.0
915.6000000000067,70.28600000000482,121.7,1.7671825999998163,165.29999999999987,2.5277422000000427,0.0,0.0
917.2100000000079,75.4160000000002,173.50000000000009,2.3040481999998264,194.49999999999991,3.1540853999998824,0.0,0.0
918.326884454048,74.36302054034928,70.44776604228672,3.7517172655946536,101.91683880881516,5.206253514938991,0.0,0.0
918.790000000006,52.232000000001385,201.00000000000009,4.809420999999622,214.89999999999992,6.084476799999951,0.0,0.0
916.5100000000017,75.47000000000129,137.7,1.0513617999999962,180.5,1.6105967999999615,0.0,0.0
920.0200000000093,74.55199999999681,199.70000000000005,4.652835199999643,211.79999999999995,5.61471940000003,0.0,0.0
923.8852213118075,58.60710230506315,47.01875912919657,11.215701371321046,66.55500730335716,14.476345773979599,0.0,0.0
921.5500000000093,45.33799999999712,183.50000000000009,7.023991599999605,193.19999999999996,8.299047400000031,0.5299999999999727,2940.0
922.2544380375584,61.7881104612474,282.27087106777094,1.8668951690530917,232.5231382299861,2.425626104233957,0.0,0.0
923.0200000000084,60.49399999999911,274.70000000000005,1.923768399999756,233.29999999999995,2.4382645999998798,0.0,0.0
917.1500000000096,59.9539999999985,191.40000000000003,6.688450599999587,198.19999999999996,7.381901999999937,0.0,0.0
921.6893582525822,65.95033956838962,73.35507715555563,2.946745947926868,93.34630382655818,3.9250937324333512,0.0,0.0
917.4000000000003,70.32199999999972,176.2,6.12921560000004,184.0,7.135838599999973,0.04999999999972715,270.0
922.8088855723289,68.74555102620387,198.27094740187943,4.191824641816339,209.19274376819615,5.2369386976619205,0.0,0.0
911.0000000000076,86.43199999999833,202.90000000000003,1.2079475999998548,162.8999999999999,1.677704999999817,0.0,0.0
916.8245105189592,86.67660439028035,118.66643711466016,2.3598064772823264,45.919203870711705,3.1728815195027265,0.0,0.0
915.6000000000017,76.28000000000114,188.4,1.8566602000000043,173.8,2.3711563999999443,0.0,0.0
916.2800000000076,55.543999999998206,174.60000000000005,2.5948503999997428,191.69999999999996,3.3777793999997545,0.0,0.0
917.6700000000033,43.86200000000369,192.9,5.838413399999952,206.39999999999992,7.270054999999965,0.0,0.0
915.5000000000044,57.63200000000471,188.2,2.4158951999999143,203.69999999999996,3.3554099999999822,0.0,0.0
920.8629104329827,74.01465699478386,210.7392472053002,1.573645191085365,254.00674450726487,2.3246535487622837,0.0,0.0
912.6400000000087,53.99599999999862,177.70000000000005,6.822666999999832,190.69999999999996,8.634588399999835,0.0,0.0
920.5189680804613,68.6617068374788,55.41630533384574,15.957161978602462,74.70511717755551,20.644666836167744,0.0,0.0
916.0400000000084,62.1319999999994,50.200000000000045,3.7580591999998254,63.899999999999906,4.675204599999847,0.0,0.0
917.0000000000008,77.86399999999973,234.7,1.1632088000000274,250.0,1.6105967999999735,0.0,0.0
917.803773600585,77.02788349521578,178.4783736143056,5.352933498654798,192.9531575202198,6.3666098242614995,0.0,0.0
919.2700000000032,50.05400000000514,37.8,2.930391399999986,63.899999999999906,3.9593838000000177,0.0,0.0
918.3200000000016,55.454000000004996,47.9,6.464756600000068,63.599999999999895,7.851659400000031,0.0,0.0
918.2000000000073,89.20400000000464,225.5,1.185578199999811,264.99999999999994,1.767182600000024,0.0,0.0
919.125090533986,62.990672472891596,168.8133623644431,3.853190247470274,191.59928183901127,5.2119095516958085,0.0,0.0
923.9533868524468,60.14793282340539,53.81042108443774,18.69847625397385,71.07735534664896,23.37796194106393,0.0,11.21743411113209
918.9775162024972,53.63588118481515,47.48905237344039,7.6501248632646845,64.48678172047063,9.535366157616737,0.0,0.0
918.0000000000076,59.34199999999826,175.60000000000005,5.1449619999997545,188.09999999999997,6.352909599999772,0.0,0.0
922.1700000000087,64.11199999999894,68.80000000000004,6.106846199999755,92.99999999999993,8.656957799999901,0.0,30.0
921.4118863971167,62.02707784577527,63.208438478955536,8.247016861481487,79.12553762214594,10.44554769721338,0.0,0.0
917.7350113745468,81.7833354681888,123.98854341220941,2.237281702659744,45.14859975038105,3.009168378768103,0.0,0.0
922.0400000000093,68.5759999999986,58.30000000000005,9.55173379999966,81.8999999999999,12.571602800000017,0.0,0.0
916.9152553899988,77.01896058080769,234.53934498620532,2.2747252969339,229.4741986768941,2.9065131091971383,0.0,0.0
914.3600000000116,59.918000000002394,175.30000000000004,4.876529199999446,187.79999999999995,5.8607827999997575,0.0,0.0
914.7900000000076,48.2719999999991,218.60000000000005,5.6147193999997205,171.0999999999999,8.008245199999948,0.0,0.0
912.7900000000027,41.48600000000511,171.0,8.612219000000037,204.09999999999997,11.520241000000027,0.0,20.0
926.5500000000096,62.76199999999872,67.80000000000004,14.830912199999693,88.7999999999999,18.790295999999962,0.0,0.0
917.0400000000025,42.134000000005656,171.3,12.415017000000056,189.99999999999991,16.553356000000033,0.0,0.0
917.0800000000107,63.96799999999825,220.00000000000009,3.4896263999995716,229.99999999999991,4.362032999999873,0.0,0.0
914.0271982418255,73.21899785836753,219.43325819923803,1.5005952187741671,125.44351403168541,2.2032737126476163,0.0,0.0
915.9700000000064,63.73400000000457,205.7,2.3935257999997965,220.29999999999993,3.0869771999999864,0.0,0.0
917.610000000008,69.2960000000004,228.00000000000009,2.0356153999998483,262.99999999999994,2.6619585999998767,1.7999999999998408,5510.0
923.4800000000084,64.47199999999951,52.40000000000005,9.48462559999977,67.7999999999999,12.079476000000005,0.049999999999954525,100.0
912.8000000000028,42.512000000004505,190.8,11.386024599999988,198.09999999999997,12.72818860000003,0.0,0.0
923.634016989317,62.5605117305458,62.930700154890566,13.153242735862198,87.40077590657765,17.550823783958116,0.0,0.0
924.2900000000047,62.33000000000077,43.10000000000005,2.3040481999996447,61.799999999999905,2.8632831999999397,0.0,0.0
923.3242454123593,57.18647316305239,44.70418577469043,9.994809532743403,66.63910550379843,12.921889132653556,0.0,0.0
920.930000000009,63.823999999998605,196.40000000000003,7.650334799999702,203.99999999999991,8.567480199999991,0.0,0.0
920.2800000000087,74.0299999999969,120.90000000000003,2.2369399999996458,119.79999999999993,2.8856526000000287,0.0,0.0
920.7362226769893,42.703116047969715,146.6688590018376,8.07323772033602,168.00682061111587,10.44128816765859,1.3022004611203493,3662.0026630524376
917.6900000000016,54.82399999999946,201.1,2.125092999999993,222.8,2.7514361999999597,0.0,0.0
919.0900000000096,56.1739999999981,21.700000000000053,5.323917199999586,40.5999999999999,6.375278999999933,0.0,0.0
914.2100000000032,64.47200000000518,99.1,11.967628999999905,110.6999999999999,14.159830199999973,0.008000000000151886,34.0
920.8569129389347,69.88433805763411,47.33596583359387,12.238669841312324,66.72916229042923,16.06785991190234,0.0,0.0
916.0291752195317,87.13618304623854,211.48835931031155,1.5768188904544782,110.29223954020756,2.5893699547727684,0.0,0.0
914.9000000000107,53.942000000000974,164.50000000000006,4.004122599999501,185.19999999999996,4.98837619999984,0.0,0.0
921.565442356086,64.34359080616623,65.23144977858371,11.053260694827669,81.5886986715019,14.24896635484854,0.0,0.0
919.8800000000057,61.50200000000071,192.20000000000005,10.916267199999607,201.69999999999996,12.571602799999964,0.0,0.0
920.5000000000084,40.83800000000016,185.30000000000004,5.569980599999738,203.29999999999995,6.9792527999999034,0.0,90.0
916.2303004515276,62.72080284002424,46.65157795795057,9.514091966284086,66.39413453738841,12.090172250566585,0.0,0.0
914.8700000000073,53.07799999999934,210.80000000000004,1.3869027999997956,142.49999999999991,2.0356153999998248,0.0,0.0
915.5988675132801,70.04330431686239,177.87540718659943,3.74558653772448,186.6066958758676,4.589632428699431,0.0,0.0
915.9300000000044,68.19800000000555,186.7,2.080354199999823,171.89999999999992,2.617219800000058,0.0,0.0
926.6100000000037,66.9740000000034,40.1,7.806920599999915,64.69999999999989,10.73731199999997,0.0,0.0
918.940000000006,68.8100000000006,248.20000000000005,3.3554099999996416,59.699999999999896,4.5409881999999575,0.0,0.0
918.1000000000017,49.94600000000239,124.3,1.4540110000000392,144.1,2.2369399999999837,0.0,0.0
926.7620316816057,54.70488429778611,54.02433425294446,5.026891007109665,54.978282826119155,7.145174589335448,0.0,0.0
923.0400000000084,60.637999999998776,51.000000000000036,17.067852199999727,63.699999999999896,22.100967200000003,0.0,20.0
920.4100000000076,65.98399999999911,50.10000000000005,21.519362799999808,62.199999999999896,25.54585479999981,0.0,40.0
919.1200000000066,79.34000000000451,167.2,1.4987497999998067,168.79999999999987,2.125093000000083,0.0,0.0
917.1000000000116,52.088000000001344,173.80000000000004,3.288301799999525,200.99999999999991,4.988376199999832,0.0,0.0
911.4500000000079,66.32600000000022,66.20000000000005,1.834290799999736,78.09999999999991,2.8856525999997227,0.0,0.0
916.3200000000058,70.01600000000467,192.0,3.623842799999814,201.39999999999984,4.362033000000002,0.0,0.0
917.9848316578605,75.88228356230955,173.42866889604468,2.987343291645658,191.89891499031958,3.683273091195584,0.0,0.0
918.4000000000052,78.42200000000321,257.4,1.767182599999772,277.39999999999986,2.304048199999924,0.0,0.0
917.8600000000047,66.77600000000449,207.6,1.5211191999997942,241.49999999999991,2.304048200000095,0.0,0.0
917.4000000000113,69.27799999999992,169.10000000000005,1.5882273999995555,174.49999999999991,2.214570599999918,0.0,0.0
916.5100000000074,82.22000000000017,154.20000000000005,2.214570599999809,81.59999999999991,3.0869771999998843,0.0,0.0
919.3000000000052,64.22000000000406,182.2,10.759681399999753,186.49999999999986,11.788673799999927,0.0,0.0
922.2732644823759,68.7891678500381,57.18750785332932,9.58384448622642,82.3306421212918,12.772294588917244,0.0,0.0
919.5000000000093,68.7379999999967,228.70000000000005,4.138338999999645,247.29999999999995,5.413394800000034,0.0,0.0
919.0907963664317,74.90201927567523,221.19870871631773,2.0158508626108604,243.45730641967145,2.6940861040244304,0.027208881037082414,204.0666077783037
916.4500000000047,62.65400000000062,193.70000000000005,3.534365199999668,208.79999999999995,4.429141199999941,0.0,0.0
921.6500000000026,62.870000000002186,56.7,10.714942599999999,77.2999999999999,13.712442199999964,0.0,0.0
918.0000000000059,75.74000000000456,181.7,4.9436373999998136,193.39999999999984,6.151585000000084,0.0,0.0
915.6000000000087,87.31400000000019,15.500000000000046,3.2883017999997834,45.299999999999905,4.630465799999913,0.0,0.0
919.1900000000079,73.90399999999782,68.80000000000004,3.1988241999997387,103.79999999999993,4.451510599999902,0.0,0.0
915.1000000000067,89.7800000000054,159.5,2.6395891999997896,189.19999999999987,3.7580592000000412,0.0,0.0
918.380000000001,64.16600000000179,195.8,5.010745600000002,205.0,5.950260399999957,0.0,0.0
916.8400000000028,55.27400000000458,51.7,4.9436373999999415,71.8999999999999,6.241062600000057,0.01000000000021828,110.0
921.5915673629414,59.42855506792287,49.6230246737674,16.475142911732572,64.18724099229912,20.712702728916785,0.003578368146567277,47.156736293629244
921.7200000000024,59.810000000004216,51.1,19.50611680000003,65.59999999999991,25.36689960000004,0.009999999999308784,60.0
923.5212961576905,71.57442861020914,40.15437858877318,4.729387098633349,64.91751435509251,6.51634707915345,0.0,0.0
911.6000000000087,42.63799999999879,292.80000000000007,1.9685071999997819,246.99999999999991,2.661958599999976,17.615999999999982,8330.0
918.3700000000076,65.31799999999889,188.30000000000004,6.218693199999742,209.69999999999996,7.560857199999923,0.0,0.0
924.1100000000037,55.184000000003074,212.3,3.668581599999898,226.59999999999997,4.675204599999945,0.0,0.0
919.840000000004,49.5320000000042,220.9,5.950260399999732,232.09999999999985,6.9568833999999145,24.01999999999907,6690.0
922.2062328805687,57.03648251000908,48.362701446478155,12.385329345562475,64.90532836478873,15.789331056690486,0.0,0.0
921.1700000000087,70.32199999999817,52.10000000000005,17.694195399999742,70.4999999999999,22.190444799999906,0.0,0.0
914.3000000000073,48.1819999999985,177.50000000000009,2.483003399999765,203.39999999999992,3.176454799999926,0.0,0.0
921.4598435577417,77.0532952188329,51.78235190720133,5.990086110658744,74.51803919845327,8.118863436164853,0.0,0.0
921.3700000000076,60.97999999999885,42.500000000000036,21.541732199999753,53.599999999999895,25.635332399999946,0.009999999999990905,50.0
918.0800000000064,73.70600000000438,169.0,2.8856525999998004,191.99999999999986,3.8251674000000953,0.0,0.0
917.7000000000082,56.26400000000015,199.30000000000004,3.5567345999998543,211.79999999999995,4.6975739999998565,0.0,0.0
920.3962170323426,72.22044332563429,226.99291993841427,3.0776068686207285,249.10191784278493,4.066264993148841,0.018967556239824684,142.2566717988145
922.6000000000024,59.32400000000386,165.3,1.834290799999967,196.19999999999996,2.594850400000086,0.0,0.0
920.2015859917883,57.810237061403505,80.48035523478704,5.385116669843161,93.97028883781998,7.435259552667147,0.0,0.0
917.3476881177097,71.40384263106537,101.93517935618372,2.4430092157340217,140.471548471125,3.533323601610624,0.0,0.0
917.7000000000028,59.43200000000521,90.2,1.6553356000000574,120.79999999999993,2.348787000000023,0.0,0.0
925.0971257259856,57.133499123781064,52.96893275591449,14.61830694992896,69.00705654595072,19.214313845863504,0.0,1.5404482939036759
917.4000000000133,69.9260000000022,197.70000000000005,4.451510599999385,214.59999999999997,5.6594581999997615,0.0,0.0
919.5613760732966,61.855719799593714,55.98878249524656,6.971292336506638,69.14995647532801,8.514192559211693,0.0,0.0
919.2428130274236,61.4497223976914,259.30897123272047,1.8185275025174512,256.21851881939864,2.3630925303696944,0.0,0.0
918.9812134047268,79.76906270857705,187.84728018385724,2.3586146115784685,69.13012456153076,3.5513061096034804,0.0,0.0
920.6319976810807,68.61954067439231,192.66451535340167,3.957588099770117,221.7386317370081,5.106171337433878,0.0,0.0
923.9000000000017,62.69000000000458,95.4,2.952760799999953,74.09999999999991,4.630465800000047,0.0,0.0
916.1700000000046,56.570000000001755,239.10000000000005,7.717442999999663,254.69999999999996,9.663580799999933,1.6300000000002228,1860.0
920.7012113968198,73.85313147835892,61.19171813758173,8.236906106122934,76.45666344425672,10.382595798106806,0.0,0.0
917.2000000000028,54.39200000000533,60.6,7.762181800000037,73.6999999999999,9.059607000000033,0.0,0.0
919.110000000004,58.46000000000453,38.0,2.169831799999974,60.099999999999895,2.8185444000000115,0.0,0.0
913.3200000000039,79.21400000000408,95.9,2.8409137999997114,129.09999999999985,4.115969599999902,0.0,0.0
920.9861865347334,57.07364499017385,71.73927128803888,2.821004590967638,63.47423762328216,3.425700413181032,0.0,0.0
911.2700000000134,59.82800000000221,218.30000000000004,2.2593093999993483,235.89999999999992,2.9751301999997906,0.0,0.0
923.9079208509364,72.72259406141411,225.4066007358876,2.6114613427288416,222.47722769414025,3.461424717275281,0.0,0.0
916.100000000008,51.22399999999834,199.90000000000003,3.2659323999997643,220.09999999999997,4.0264919999997595,0.0,0.0
919.0095905122104,62.583025337212746,166.77512668604697,3.6353517258118653,190.01398742248088,4.857288702484515,0.0,0.0
916.7000000000121,49.802000000001144,171.70000000000005,6.442387199999501,199.79999999999995,9.104345799999841,0.0,20.0
913.6500000000058,65.67800000000521,166.1,8.88065179999979,181.99999999999991,11.967629000000056,0.0,0.0
919.5800000000118,62.1140000000021,192.30000000000004,4.56335759999944,207.59999999999997,5.659458199999764,0.0,0.0
920.8111688872067,74.48397319983243,204.48373550673242,4.456796087363321,220.88895443458512,5.602233306839527,0.0,0.0
915.576939290285,73.75343537150646,182.38930208689587,9.333401902337558,193.3815217864564,10.894691335205893,0.0,0.0
917.35,77.75600000000007,40.5,2.0579848000000207,96.7,3.8699061999999715,0.0,0.0
916.6900000000052,79.21400000000443,18.4,1.6553355999998471,66.39999999999989,2.4830033999999754,0.0,0.0
919.1000000000087,84.1460000000003,247.00000000000009,1.7224437999997797,63.299999999999905,2.6843279999999083,0.0,0.0
918.5111396189642,77.62439966843212,127.5615123123447,2.1307148086401724,45.58529594928648,2.8581986122404035,0.0,0.0
919.5000000000116,79.86199999999978,97.70000000000003,1.4763803999995562,144.3999999999999,2.236939999999935,0.0,0.0
920.5900000000054,42.620000000000175,163.80000000000004,5.256808999999688,186.19999999999996,6.912144600000002,1.5299999999997451,4310.0
917.3000000000077,70.08800000000046,183.70000000000005,2.6395891999997314,200.99999999999991,3.42251819999983,0.0,0.0
918.2699193898873,53.55901829459402,89.81069313271199,5.085931368893581,97.33637860452723,7.974817451863013,0.0,0.0
917.3000000000062,85.08199999999835,149.70000000000005,2.013245999999865,70.9999999999999,2.8632831999998265,0.0,0.0
913.0000000000076,52.321999999999285,174.80000000000004,5.950260399999748,184.49999999999991,7.270054999999917,0.0,0.0
921.0900000000096,72.40999999999698,180.20000000000005,1.275055799999642,189.59999999999997,1.901399000000022,0.0,0.0
915.9300000000123,64.11800000000231,97.00000000000004,3.4523440666660394,120.3999999999999,4.3247506666664215,0.009999999999990905,10.0
917.8100000000052,73.76000000000441,213.4,1.610596799999812,239.69999999999987,2.1474624000000704,0.0,0.0
920.5100000000093,47.983999999996975,133.40000000000003,2.0132459999996217,150.99999999999991,3.3106712000000305,0.0,0.0
920.770000000004,70.7180000000022,181.0,4.406771799999689,188.19999999999987,5.077853799999913,0.0,0.0
915.4454464215436,70.61219231824708,215.38715661398317,2.0031316283166443,121.90494507400531,2.99447296718872,0.0,0.0
917.9400000000104,46.615999999998856,208.20000000000005,4.675204599999572,221.39999999999992,5.547611199999889,0.0,0.0
921.3500000000059,61.808000000000646,64.90000000000005,7.605595999999634,79.59999999999991,9.596472600000123,0.0,0.0
921.7000000000028,53.5640000000033,48.2,5.256808999999958,64.39999999999989,6.800297599999978,0.0,0.0
921.6100000000066,64.8680000000013,65.30000000000004,11.766304399999681,81.9999999999999,15.211191999999983,0.0,0.0
922.3553591644087,59.8194529132862,53.396700215798944,14.192816300676865,70.52284112215425,18.02247012374986,0.0,0.0
922.5730654326063,58.73324309291896,55.1484203571025,18.405908982893642,75.26140119034156,23.637483289085182,0.0,10.0
916.9860064897107,75.84382066803991,150.23895115693153,1.3039135399887765,142.62469442993228,1.8890031960284108,0.0,0.0
915.3000000000073,51.51200000000011,179.40000000000003,5.0778537999996525,186.49999999999991,5.748935799999916,0.0,0.0
918.570000000006,76.04600000000389,209.2,3.131715999999764,222.69999999999987,3.9817531999999285,0.0,0.0
919.6439977397334,64.2371580326915,88.58946569010995,16.047674694306444,112.33131286780632,19.954234013564196,0.5101961449505528,1510.906787325053
923.1000000000032,75.5960000000034,178.3,1.4092721999998965,205.19999999999996,1.856660199999978,0.0,0.0
921.408129860134,47.970394613589875,46.31142850673575,10.99845315330274,67.23285723989625,14.385412785801327,0.0,0.0
919.3500000000058,91.11200000000454,96.4,2.5277421999998184,96.29999999999987,3.3777794000000294,0.0,0.0
916.2200000000087,68.25199999999936,183.10000000000005,9.932013599999816,190.79999999999995,11.162330599999823,0.0,0.0
914.9800000000064,84.36200000000544,178.4,1.431641599999794,209.29999999999993,1.9685072000000456,0.0,0.0
913.2000000000083,39.01999999999968,185.80000000000004,8.813543599999797,200.79999999999995,11.072852999999885,0.009999999999990905,130.0
921.4802305586853,59.68368862994506,47.12968346448324,16.577272061951426,60.80172983364043,20.111959531178183,0.0026512960881195052,42.65129608812192
918.7700000000012,68.64800000000155,160.3,2.1474624000000264,198.4,2.952760799999965,0.0,0.0
922.1878751735277,56.86397405707874,48.38159908607929,12.298367980222027,64.90262870198858,15.689083927200803,0.0,0.0
917.9000000000066,82.88599999999916,46.80000000000005,3.8922755999998575,77.3999999999999,5.122592599999839,0.0,0.0
922.7179767135907,72.05570528724752,67.91932313888606,6.5227395850698375,92.21717612345414,8.32862091704992,0.0,0.644104629533544
922.1700000000044,56.69600000000226,48.40000000000005,12.213692399999635,64.89999999999989,15.591471799999995,0.0,0.0
922.3100000000077,58.9459999999994,200.80000000000004,3.53436519999974,222.99999999999991,4.652835199999918,0.75,3910.0
923.6300000000025,53.744000000001314,54.4,2.8409137999999863,87.6999999999999,4.048861399999975,0.0,0.0
912.9800000000045,46.994000000004775,190.2,5.659458199999888,202.59999999999997,6.822666999999987,0.0,0.0
921.5073080490213,73.19115621662769,165.5487395312247,3.3909249273456754,206.1791945365662,5.577992393424653,0.0,0.0
915.2000000000039,66.56000000000563,48.9,4.47387999999991,59.899999999999906,5.212070199999965,0.0,0.0
920.5027511759197,70.13889486830054,198.83213271746368,4.337363056162703,211.20334124325615,5.1900453602193775,0.0,0.0
917.360000000008,60.5120000000005,179.90000000000003,3.646212199999764,198.49999999999991,4.540988199999915,0.0,0.0
918.5900000000032,51.080000000004084,78.1,4.697573999999952,91.49999999999993,5.7265664000000465,0.02000000000043656,80.0
924.7900000000087,68.30599999999846,56.500000000000036,14.9874979999997,76.9999999999999,19.61796380000002,0.0,0.0
917.8500000000017,53.31200000000381,178.4,1.7000743999999517,197.29999999999995,2.7066974000000363,0.0,0.0
918.680000000007,64.86800000000403,115.0,1.2750557999997552,149.79999999999987,1.7895519999999652,0.0,0.0
919.7627531149358,77.6721435325803,179.4192665381933,5.330709880013711,191.85545222299703,6.306343862024742,0.0,0.0
917.0000000000034,51.29600000000529,151.7,3.064607799999984,183.19999999999996,4.854159800000022,0.0,0.0
920.091802981898,75.66404848184385,90.88091145033579,1.154953712313207,91.8011661736368,1.7510282574623297,0.0,0.0
921.1593820701736,66.43582853979531,207.42890112633305,2.8686711349373484,232.39112044207187,3.8234862945194896,0.4695258943190506,1455.9723733018732
919.5200000000093,62.23999999999798,294.2000000000001,2.0803541999996136,232.79999999999995,3.1764547999999557,0.0,0.0
914.9700000000121,73.68800000000219,188.20000000000005,2.2593093999994385,186.59999999999997,3.0646077999997443,0.0,0.0
916.7500000000082,54.572000000000564,233.50000000000009,1.5211191999997256,231.79999999999995,2.281678799999764,0.0,0.0
921.3900000000044,46.67000000000071,46.000000000000036,1.7000743999996872,72.6999999999999,2.2145705999999725,0.0,0.0
917.4000000000062,70.73600000000015,187.00000000000009,1.1855781999998456,220.69999999999996,1.722443799999854,0.0,0.0
919.4000000000079,58.405999999999075,40.40000000000005,6.688450599999753,61.599999999999895,8.410894399999881,0.0,0.0
922.7114406707593,47.5211101642601,198.5919491444014,6.111253729694222,215.4258050718364,7.4519485531296095,0.0,0.0
914.9000000000044,72.14000000000462,89.8,1.5882273999999097,59.099999999999895,2.281678799999989,0.0,0.0
915.4000000000101,45.391999999998724,249.30000000000004,11.20706939999958,289.69999999999993,15.009867399999935,0.5599999999999454,2495.0
916.400000000002,48.03800000000364,264.7,4.0264919999999425,299.19999999999993,5.8607827999999715,0.0,0.0
919.9018072192872,72.98237105891378,56.40546185381011,6.804007909748731,73.66729587039855,8.417063263591356,0.0,0.0
919.4800000000057,36.752000000000685,311.4000000000001,3.5119957999996343,133.89999999999992,5.234439600000008,0.27000000000043656,310.0
919.9000000000052,56.048000000000755,58.80000000000005,3.8699061999996798,70.2999999999999,4.5409882000000215,0.0,0.0
925.3000000000012,72.77000000000423,227.2,2.661958599999895,221.79999999999995,3.534365200000107,0.0,0.0
925.7586491767684,72.55406499169483,52.84790635368232,12.348321769253989,69.30661871681414,15.159503717090164,0.0,0.0
912.8900000000112,45.31999999999972,213.40000000000003,21.250929999999553,220.49999999999991,23.57734759999993,0.02999999999997272,250.0
922.1800000000104,75.21799999999841,146.30000000000004,0.9618841999995656,95.59999999999992,1.5434885999999572,0.0,0.0
920.800000000006,65.08400000000043,75.50000000000004,4.093600199999679,92.29999999999993,5.458133600000077,0.0,0.0
921.5698459043148,61.791279325588604,62.20611356692183,8.478336059791427,78.79493049126387,10.780905538288946,0.0,0.0
915.9100000000052,41.864000000000246,160.80000000000004,2.908021999999686,82.8999999999999,4.697573999999988,2.7400000000003497,15849.0
914.1300000000116,49.71199999999934,177.70000000000005,3.3777793999995445,189.79999999999995,3.9817531999999214,0.0,0.0
921.1700000000028,59.3420000000047,180.8,6.822667000000032,190.39999999999992,8.254308600000064,0.0,0.0
914.0600000000077,68.63000000000036,180.00000000000009,3.9817531999998486,200.19999999999996,5.077853799999885,0.0,0.0
915.5600000000079,57.30800000000041,180.00000000000009,9.48462559999963,185.09999999999997,10.379401599999936,0.0,0.0
918.6000000000064,72.82400000000482,186.2,6.308170799999808,191.79999999999993,7.001622200000063,0.0,0.0
916.5815039070282,75.22466242702326,177.4437013483446,6.690025815224567,185.46776356290988,7.535282010177214,0.0,0.0
916.9000000000062,73.29200000000004,239.70000000000005,1.521119199999848,275.2999999999999,2.3487869999998474,0.0,0.0
920.3048565849107,59.2754787334636,38.580081680738935,5.782927754905456,59.23580704320278,7.288502638223338,0.0,0.0
919.2000000000121,70.24999999999895,156.70000000000005,2.013245999999548,172.29999999999993,2.6172197999999236,0.0,0.0
920.6273269678627,78.66944499017539,95.56109177726415,2.9011359514274164,124.86640492502804,3.968540654002792,0.0,0.0
920.5089400336684,80.98892224209384,58.903577104239254,9.482313417238316,78.48237777749334,11.821816137033341,0.0,0.0
924.1000000000024,64.70600000000347,62.9,10.580726199999887,72.4999999999999,12.392647600000082,0.0,0.0
923.6217259594588,71.63345647876706,197.48426800630844,3.901578573371472,211.2331390268108,5.18455246671454,0.0,0.0
924.3182803033296,71.87335583543259,196.90726453694612,5.925072383421743,216.190067570195,7.465310916766838,0.0,0.0
922.5000000000093,66.73999999999843,71.40000000000005,1.9013989999996543,94.29999999999993,2.527742200000025,0.0,0.0
918.1250622350765,68.24414977294431,54.662255505098564,16.25091167564415,73.23721105147997,20.704746110277604,0.0,0.0
914.0000000000052,73.45400000000514,173.7,4.540988199999791,181.09999999999997,5.279178400000053,0.0,0.0
915.0000000000084,55.04000000000046,191.80000000000004,5.3686559999997545,220.89999999999992,7.068730399999904,0.0,0.0
920.5677648076446,59.887050185739405,55.749941779287205,17.641930674004488,77.12060530220808,23.194151156476856,0.0,7.916181494059932
915.7000000000056,72.59000000000471,186.2,3.4001487999998155,196.79999999999995,4.115969600000067,0.0,0.0
917.0108507616001,85.7193599078613,116.25866993446981,2.3270219424889333,49.72975714718683,3.0979454399750317,0.0,0.0
919.3000000000052,39.956000000001005,192.10000000000005,1.4092721999996451,108.6999999999999,2.1922012000000235,0.2599999999998772,2770.0
915.0100000000128,60.60200000000233,179.80000000000004,6.352909599999469,194.49999999999991,7.672704199999784,0.0,0.0
916.500000000007,85.58599999999956,121.10000000000004,1.29742519999983,80.59999999999991,1.744813199999865,0.0,0.0
923.400000000003,42.6920000000051,192.9,2.5724810000000056,87.2999999999999,3.4672570000000547,0.0,0.0
